<?xml version="1.0" encoding="UTF-8"?>

<configuration>

	<property resource="application.properties" />
	
	<!-- Console Logger configuration  -->
	
    <appender name="STDOUT" class="ch.qos.logback.core.ConsoleAppender">
        <withJansi>true</withJansi>
        <encoder>
            <springProfile name="dev">
                <pattern>%green(%d{MM-dd-yyyy E HH:mm:ss:SSS}) %highlight([%level]) - %highlight(%m%n)</pattern>
            </springProfile>
             <springProfile name="prod">
                <pattern>%green(%d{MM-dd-yyyy E HH:mm:ss:SSS}) %highlight([%level]) - %highlight(%m%n)</pattern>
            </springProfile>
        </encoder>
        
    </appender>
    
    <!-- Daily Rolling File Logger configuration  -->
    
    <appender name="FILE" class="ch.qos.logback.core.rolling.RollingFileAppender">

		<file>${spring.application.name}.log</file>
		<rollingPolicy class="ch.qos.logback.core.rolling.SizeAndTimeBasedRollingPolicy">
			<fileNamePattern>${spring.application.name}-%d{yyyy-MM-dd}.%i.log.gz</fileNamePattern>
			<maxFileSize>20MB</maxFileSize>    
			<maxHistory>90</maxHistory>
			<totalSizeCap>100GB</totalSizeCap>
		</rollingPolicy>

		<encoder>
			<springProfile name="dev">
                <pattern>%green(%d{MM-dd-yyyy E HH:mm:ss:SSS}) %highlight([%level]) - %highlight(%m%n)</pattern>
            </springProfile>
        
            <springProfile name="prod">
                <pattern>%d{MM-dd-yyyy E HH:mm:ss.SSS} %5p - %m%n</pattern>
            </springProfile>
		</encoder>

	</appender>
    
    <springProfile name="dev">
        <root level="info">
            <appender-ref ref="STDOUT"/>
        </root>
    </springProfile>
    
    <springProfile name="prod">
        <root level="info">
            <appender-ref ref="FILE"/>
        </root>
    </springProfile>
    
</configuration>