<assembly>
<id>static</id>
<formats>
<format>zip</format>
</formats>
<includeBaseDirectory>false</includeBaseDirectory>
<fileSets>
<fileSet>
<directory>src/main/webapp</directory>
<includes>
<include>**/*.html</include>
<include>**/*.htm</include>
<include>**/*.jpg</include>
<include>**/*.gif</include>
<include>**/*.css</include>
<include>**/*.js</include>
<include>**/*.png</include>
<include>**/*.xlsx</include>
</includes>
<excludes>
<exclude>WEB-INF/*</exclude>
</excludes>
<outputDirectory>/</outputDirectory>
</fileSet>
</fileSets>
</assembly>