<?xml version="1.0" encoding="UTF-8" ?>
<!DOCTYPE configuration>

<configuration>

	<appender name="STDOUT" class="ch.qos.logback.core.ConsoleAppender">
		<filter class="ch.qos.logback.classic.filter.LevelFilter">
			<level>INFO</level>
			<onMatch>ACCEPT</onMatch>
			<onMismatch>DENY</onMismatch>
		</filter>
		<encoder>
			<pattern>%d{HH:mm:ss.SSS} %-5level - %msg%n
			</pattern>
		</encoder>
	</appender>

	<appender name="FILE" class="ch.qos.logback.core.rolling.RollingFileAppender">
		<file> rise.log </file>
		<rollingPolicy class="ch.qos.logback.core.rolling.TimeBasedRollingPolicy">
			<fileNamePattern>logFile.%d{yyyy-MM-dd}.log</fileNamePattern> <!-- daily rollover -->
			<maxHistory>30</maxHistory> <!-- keep 30 days' worth of history capped at 3GB total size -->
			<totalSizeCap>3GB</totalSizeCap>
		</rollingPolicy>
		<encoder class="ch.qos.logback.classic.encoder.PatternLayoutEncoder">
			<pattern>%-4relative %-5level - %msg%n
			</pattern>
		</encoder>
	</appender>

	<springProfile name="local">
		<root level="info">
			<appender-ref ref="STDOUT" />
		</root>
	</springProfile>
	
	<springProfile name="dev">
		<root level="info">
			<appender-ref ref="STDOUT" />
			<appender-ref ref="FILE" />
		</root>
	</springProfile>
	
	<springProfile name="prod">
		<root level="debug">
			<appender-ref ref="FILE" />
		</root>
	</springProfile>

</configuration>