<?xml version="1.0" encoding="UTF-8" ?>

<config xmlns:xsi="http://www.w3.org/2001/XMLSchema-instance"
	xmlns="http://www.ehcache.org/v3"
	xmlns:jsr107="http://www.ehcache.org/v3/jsr107"
	xsi:schemaLocation="
            http://www.ehcache.org/v3 http://www.ehcache.org/schema/ehcache-core-3.0.xsd
            http://www.ehcache.org/v3/jsr107 http://www.ehcache.org/schema/ehcache-107-ext-3.0.xsd">

	<cache alias="getUserByEmpNo">
		<key-type>java.lang.String</key-type>
		<value-type>com.fedex.rise.vo.EmployeeVO</value-type>
		<expiry>
			<ttl unit="days">1</ttl>
		</expiry>
		<listeners>
            <listener>
                <class>com.fedex.rise.cache.config.CacheEventLogger</class>
                <event-firing-mode>ASYNCHRONOUS</event-firing-mode>
                <event-ordering-mode>UNORDERED</event-ordering-mode>
                <events-to-fire-on>CREATED</events-to-fire-on>
                <events-to-fire-on>EXPIRED</events-to-fire-on>
            </listener>
        </listeners>

		<resources>
			<heap unit="entries">2</heap>
			<offheap unit="MB">10</offheap>
		</resources>
	</cache>
	
	<cache alias="getSearchByAll">
		<key-type>java.lang.String</key-type>
		<value-type>java.util.List</value-type>
		<expiry>
			<ttl unit="days">1</ttl>
		</expiry>
		<listeners>
            <listener>
                <class>com.fedex.rise.cache.config.CacheEventLogger</class>
                <event-firing-mode>ASYNCHRONOUS</event-firing-mode>
                <event-ordering-mode>UNORDERED</event-ordering-mode>
                <events-to-fire-on>CREATED</events-to-fire-on>
                <events-to-fire-on>EXPIRED</events-to-fire-on>
            </listener>
        </listeners>

		<resources>
			<heap unit="entries">2</heap>
			<offheap unit="MB">10</offheap>
		</resources>
	</cache>
	
	<cache alias="searchByGroupLaneNbr">
		<key-type>java.lang.String</key-type>
		<value-type>java.util.List</value-type>
		<expiry>
			<ttl unit="days">1</ttl>
		</expiry>
		<listeners>
            <listener>
                <class>com.fedex.rise.cache.config.CacheEventLogger</class>
                <event-firing-mode>ASYNCHRONOUS</event-firing-mode>
                <event-ordering-mode>UNORDERED</event-ordering-mode>
                <events-to-fire-on>CREATED</events-to-fire-on>
                <events-to-fire-on>EXPIRED</events-to-fire-on>
            </listener>
        </listeners>

		<resources>
			<heap unit="entries">2</heap>
			<offheap unit="MB">10</offheap>
		</resources>
	</cache>
	
	<cache alias="getAccountGroupNames">
		<key-type>java.lang.String</key-type>
		<value-type>java.util.List</value-type>
		<expiry>
			<ttl unit="days">1</ttl>
		</expiry>
		<listeners>
            <listener>
                <class>com.fedex.rise.cache.config.CacheEventLogger</class>
                <event-firing-mode>ASYNCHRONOUS</event-firing-mode>
                <event-ordering-mode>UNORDERED</event-ordering-mode>
                <events-to-fire-on>CREATED</events-to-fire-on>
                <events-to-fire-on>EXPIRED</events-to-fire-on>
            </listener>
        </listeners>

		<resources>
			<heap unit="entries">2</heap>
			<offheap unit="MB">10</offheap>
		</resources>
	</cache>
	
	<cache alias="getAccountGroupNamesByGrpNbr">
		<key-type>java.lang.String</key-type>
		<value-type>java.lang.String</value-type>
		<expiry>
			<ttl unit="days">1</ttl>
		</expiry>
		<listeners>
            <listener>
                <class>com.fedex.rise.cache.config.CacheEventLogger</class>
                <event-firing-mode>ASYNCHRONOUS</event-firing-mode>
                <event-ordering-mode>UNORDERED</event-ordering-mode>
                <events-to-fire-on>CREATED</events-to-fire-on>
                <events-to-fire-on>EXPIRED</events-to-fire-on>
            </listener>
        </listeners>

		<resources>
			<heap unit="entries">2</heap>
			<offheap unit="MB">10</offheap>
		</resources>
	</cache>
	
	<cache alias="getAccountLanes">
		<key-type>java.lang.String</key-type>
		<value-type>java.util.List</value-type>
		<expiry>
			<ttl unit="days">1</ttl>
		</expiry>
		<listeners>
            <listener>
                <class>com.fedex.rise.cache.config.CacheEventLogger</class>
                <event-firing-mode>ASYNCHRONOUS</event-firing-mode>
                <event-ordering-mode>UNORDERED</event-ordering-mode>
                <events-to-fire-on>CREATED</events-to-fire-on>
                <events-to-fire-on>EXPIRED</events-to-fire-on>
            </listener>
        </listeners>

		<resources>
			<heap unit="entries">2</heap>
			<offheap unit="MB">10</offheap>
		</resources>
	</cache>
	
	<cache alias="getLane">
		<key-type>java.lang.String</key-type>
		<value-type>java.util.List</value-type>
		<expiry>
			<ttl unit="days">1</ttl>
		</expiry>
		<listeners>
            <listener>
                <class>com.fedex.rise.cache.config.CacheEventLogger</class>
                <event-firing-mode>ASYNCHRONOUS</event-firing-mode>
                <event-ordering-mode>UNORDERED</event-ordering-mode>
                <events-to-fire-on>CREATED</events-to-fire-on>
                <events-to-fire-on>EXPIRED</events-to-fire-on>
            </listener>
        </listeners>

		<resources>
			<heap unit="entries">2</heap>
			<offheap unit="MB">10</offheap>
		</resources>
	</cache>
	
	<cache alias="getLaneByGroupNbr">
		<key-type>java.lang.String</key-type>
		<value-type>java.util.List</value-type>
		<expiry>
			<ttl unit="days">1</ttl>
		</expiry>
		<listeners>
            <listener>
                <class>com.fedex.rise.cache.config.CacheEventLogger</class>
                <event-firing-mode>ASYNCHRONOUS</event-firing-mode>
                <event-ordering-mode>UNORDERED</event-ordering-mode>
                <events-to-fire-on>CREATED</events-to-fire-on>
                <events-to-fire-on>EXPIRED</events-to-fire-on>
            </listener>
        </listeners>

		<resources>
			<heap unit="entries">2</heap>
			<offheap unit="MB">10</offheap>
		</resources>
	</cache>
	
	<cache alias="getLaneByLaneNbr">
		<key-type>java.lang.String</key-type>
		<value-type>java.lang.String</value-type>
		<expiry>
			<ttl unit="days">1</ttl>
		</expiry>
		<listeners>
            <listener>
                <class>com.fedex.rise.cache.config.CacheEventLogger</class>
                <event-firing-mode>ASYNCHRONOUS</event-firing-mode>
                <event-ordering-mode>UNORDERED</event-ordering-mode>
                <events-to-fire-on>CREATED</events-to-fire-on>
                <events-to-fire-on>EXPIRED</events-to-fire-on>
            </listener>
        </listeners>

		<resources>
			<heap unit="entries">2</heap>
			<offheap unit="MB">10</offheap>
		</resources>
	</cache>
	
</config>            